
  <rss version="2.0" xmlns:atom="http://www.w3.org/2005/Atom">
    <channel>
      <title>探索AI智能体的全栈技术演进</title>
      <link>https://tailwind-nextjs-starter-blog.vercel.app/blog</link>
      <description>专注AI Agent技术的全栈开发实践，记录前端交互组件（Vue/React）与后端智能逻辑（LangChain/LLM）的协同方案。内容涵盖提示词工程优化、RAG系统集成、多模态模型对接等技术探索，分享金融交易、智能客服等场景下的AI Agent落地经验。</description>
      <language>en-us</language>
      <managingEditor>address@yoursite.com (杨泓)</managingEditor>
      <webMaster>address@yoursite.com (杨泓)</webMaster>
      <lastBuildDate>Fri, 11 Oct 2019 00:00:00 GMT</lastBuildDate>
      <atom:link href="https://tailwind-nextjs-starter-blog.vercel.app/tags/guide/feed.xml" rel="self" type="application/rss+xml"/>
      
  <item>
    <guid>https://tailwind-nextjs-starter-blog.vercel.app/blog/github-markdown-guide</guid>
    <title>Markdown Guide</title>
    <link>https://tailwind-nextjs-starter-blog.vercel.app/blog/github-markdown-guide</link>
    <description>Markdown cheatsheet for all your blogging needs - headers, lists, images, tables and more! An illustrated guide based on GitHub Flavored Markdown.</description>
    <pubDate>Fri, 11 Oct 2019 00:00:00 GMT</pubDate>
    <author>address@yoursite.com (杨泓)</author>
    <category>github</category><category>guide</category>
  </item>

  <item>
    <guid>https://tailwind-nextjs-starter-blog.vercel.app/blog/guide-to-using-images-in-nextjs</guid>
    <title>Images in Next.js</title>
    <link>https://tailwind-nextjs-starter-blog.vercel.app/blog/guide-to-using-images-in-nextjs</link>
    <description>In this article we introduce adding images in the tailwind starter blog and the benefits and limitations of the next/image component.</description>
    <pubDate>Wed, 11 Nov 2020 00:00:00 GMT</pubDate>
    <author>address@yoursite.com (杨泓)</author>
    <category>next js</category><category>guide</category>
  </item>

  <item>
    <guid>https://tailwind-nextjs-starter-blog.vercel.app/blog/introducing-tailwind-nextjs-starter-blog</guid>
    <title>Introducing Tailwind Nextjs Starter Blog</title>
    <link>https://tailwind-nextjs-starter-blog.vercel.app/blog/introducing-tailwind-nextjs-starter-blog</link>
    <description>Looking for a performant, out of the box template, with all the best in web technology to support your blogging needs? Checkout the Tailwind Nextjs Starter Blog template.</description>
    <pubDate>Tue, 12 Jan 2021 00:00:00 GMT</pubDate>
    <author>address@yoursite.com (杨泓)</author>
    <category>next-js</category><category>tailwind</category><category>guide</category>
  </item>

  <item>
    <guid>https://tailwind-nextjs-starter-blog.vercel.app/blog/new-features-in-v1</guid>
    <title>New features in v1</title>
    <link>https://tailwind-nextjs-starter-blog.vercel.app/blog/new-features-in-v1</link>
    <description>An overview of the new features released in v1 - code block copy, multiple authors, frontmatter layout and more</description>
    <pubDate>Sat, 07 Aug 2021 15:32:14 GMT</pubDate>
    <author>address@yoursite.com (杨泓)</author>
    <category>next-js</category><category>tailwind</category><category>guide</category>
  </item>

  <item>
    <guid>https://tailwind-nextjs-starter-blog.vercel.app/blog/release-of-tailwind-nextjs-starter-blog-v2.0</guid>
    <title>Release of Tailwind Nextjs Starter Blog v2.0</title>
    <link>https://tailwind-nextjs-starter-blog.vercel.app/blog/release-of-tailwind-nextjs-starter-blog-v2.0</link>
    <description>Release of Tailwind Nextjs Starter Blog template v2.0, refactored with Nextjs App directory and React Server Components setup.Discover the new features and how to migrate from V1.</description>
    <pubDate>Sat, 05 Aug 2023 00:00:00 GMT</pubDate>
    <author>address@yoursite.com (杨泓)</author>
    <category>next-js</category><category>tailwind</category><category>guide</category><category>feature</category>
  </item>

    </channel>
  </rss>
