
  <rss version="2.0" xmlns:atom="http://www.w3.org/2005/Atom">
    <channel>
      <title>探索AI智能体的全栈技术演进</title>
      <link>https://tailwind-nextjs-starter-blog.vercel.app/blog</link>
      <description>专注AI Agent技术的全栈开发实践，记录前端交互组件（Vue/React）与后端智能逻辑（LangChain/LLM）的协同方案。内容涵盖提示词工程优化、RAG系统集成、多模态模型对接等技术探索，分享金融交易、智能客服等场景下的AI Agent落地经验。</description>
      <language>en-us</language>
      <managingEditor>address@yoursite.com (杨泓)</managingEditor>
      <webMaster>address@yoursite.com (杨泓)</webMaster>
      <lastBuildDate>Sat, 05 Aug 2023 00:00:00 GMT</lastBuildDate>
      <atom:link href="https://tailwind-nextjs-starter-blog.vercel.app/tags/feature/feed.xml" rel="self" type="application/rss+xml"/>
      
  <item>
    <guid>https://tailwind-nextjs-starter-blog.vercel.app/blog/release-of-tailwind-nextjs-starter-blog-v2.0</guid>
    <title>Release of Tailwind Nextjs Starter Blog v2.0</title>
    <link>https://tailwind-nextjs-starter-blog.vercel.app/blog/release-of-tailwind-nextjs-starter-blog-v2.0</link>
    <description>Release of Tailwind Nextjs Starter Blog template v2.0, refactored with Nextjs App directory and React Server Components setup.Discover the new features and how to migrate from V1.</description>
    <pubDate>Sat, 05 Aug 2023 00:00:00 GMT</pubDate>
    <author>address@yoursite.com (杨泓)</author>
    <category>next-js</category><category>tailwind</category><category>guide</category><category>feature</category>
  </item>

  <item>
    <guid>https://tailwind-nextjs-starter-blog.vercel.app/blog/nested-route/introducing-multi-part-posts-with-nested-routing</guid>
    <title>Introducing Multi-part Posts with Nested Routing</title>
    <link>https://tailwind-nextjs-starter-blog.vercel.app/blog/nested-route/introducing-multi-part-posts-with-nested-routing</link>
    <description>The blog template supports posts in nested sub-folders. This can be used to group posts of similar content e.g. a multi-part course. This post is itself an example of a nested route!</description>
    <pubDate>Sun, 02 May 2021 00:00:00 GMT</pubDate>
    <author>address@yoursite.com (杨泓)</author>
    <category>multi-author</category><category>next-js</category><category>feature</category>
  </item>

    </channel>
  </rss>
