
  <rss version="2.0" xmlns:atom="http://www.w3.org/2005/Atom">
    <channel>
      <title>探索AI智能体的全栈技术演进</title>
      <link>https://tailwind-nextjs-starter-blog.vercel.app/blog</link>
      <description>专注AI Agent技术的全栈开发实践，记录前端交互组件（Vue/React）与后端智能逻辑（LangChain/LLM）的协同方案。内容涵盖提示词工程优化、RAG系统集成、多模态模型对接等技术探索，分享金融交易、智能客服等场景下的AI Agent落地经验。</description>
      <language>en-us</language>
      <managingEditor>address@yoursite.com (杨泓)</managingEditor>
      <webMaster>address@yoursite.com (杨泓)</webMaster>
      <lastBuildDate>Mon, 21 Dec 2020 00:00:00 GMT</lastBuildDate>
      <atom:link href="https://tailwind-nextjs-starter-blog.vercel.app/tags/math/feed.xml" rel="self" type="application/rss+xml"/>
      
  <item>
    <guid>https://tailwind-nextjs-starter-blog.vercel.app/blog/deriving-ols-estimator</guid>
    <title>Deriving the OLS Estimator</title>
    <link>https://tailwind-nextjs-starter-blog.vercel.app/blog/deriving-ols-estimator</link>
    <description>How to derive the OLS Estimator with matrix notation and a tour of math typesetting using markdown with the help of KaTeX.</description>
    <pubDate>Mon, 21 Dec 2020 00:00:00 GMT</pubDate>
    <author>address@yoursite.com (杨泓)</author>
    <category>next js</category><category>math</category><category>ols</category>
  </item>

    </channel>
  </rss>
